{
  "name": "angular-mqtt",
  "homepage": "https://github.com/shellus/angular-MQTT",
  "authors": [
    "shellus <shellus@endaosi.com>"
  ],
  "description": "Wrapper MQTT(websocket) in angularjs",
  "main": "",
  "moduleType": [],
  "keywords": [
    "angular",
    "mqtt"
  ],
  "license": "MIT",
  "ignore": [
    "**/.*",
    "node_modules",
    "bower_components",
    "test",
    "tests"
  ],
  "dependencies": {
    "angular": "^1.5.0"
  },
  "version": "1.0.1",
  "_release": "1.0.1",
  "_resolution": {
    "type": "version",
    "tag": "1.0.1",
    "commit": "cf504e3b9e81d60a13824fd00ce033631da8718e"
  },
  "_source": "https://github.com/shellus/angular-MQTT.git",
  "_target": "1.0.1",
  "_originalSource": "angular-mqtt"
}