{
  "name": "backgrid-paginator",
  "repo": "wyuenho/backgrid-paginator",
  "description": "Backgrid.js extension for pagination.",
  "version": "0.3.5",
  "keywords": [
    "backbone",
    "backgrid",
    "paginator",
    "pagination"
  ],
  "main": "backgrid-paginator.js",
  "scripts": [
    "backgrid-paginator.js"
  ],
  "styles": [
    "backgrid-paginator.css"
  ],
  "dependencies": {
    "jashkenas/underscore": "^1.6.0",
    "jashkenas/backbone": "^1.1.2",
    "backbone-paginator/backbone.paginator": "^2.0.1",
    "wyuenho/backgrid": "0.3.5"
  },
  "license": "MIT"
}
