{
  "name": "angular-cookies",
  "version": "1.3.14",
  "main": "./angular-cookies.js",
  "ignore": [],
  "dependencies": {
    "angular": "1.3.14"
  },
  "homepage": "https://github.com/angular/bower-angular-cookies",
  "_release": "1.3.14",
  "_resolution": {
    "type": "version",
    "tag": "v1.3.14",
    "commit": "8d8941d4dbdd3b95e11d4c6a5766bb8d56d4f172"
  },
  "_source": "https://github.com/angular/bower-angular-cookies.git",
  "_target": "1.3.14",
  "_originalSource": "angular-cookies",
  "_direct": true
}