{
  "name": "awesome-bootstrap-checkbox",
  "main": [
    "awesome-bootstrap-checkbox.css",
    "awesome-bootstrap-checkbox.scss"
  ],
  "version": "0.3.3",
  "homepage": "https://github.com/flatlogic/awesome-bootstrap-checkbox",
  "authors": [
    "okendoken flatlogic.com"
  ],
  "license": "MIT",
  "ignore": [
    "**/.*",
    "bower_components"
  ],
  "dependencies": {},
  "_release": "0.3.3",
  "_resolution": {
    "type": "version",
    "tag": "v0.3.3",
    "commit": "1777a856479d9df1e03fa3a6d3bf2c67e9a554a5"
  },
  "_source": "git://github.com/flatlogic/awesome-bootstrap-checkbox.git",
  "_target": "~0.3.3",
  "_originalSource": "awesome-bootstrap-checkbox"
}