{
  "name": "backbone.paginator",
  "repository": "backbone-paginator/backbone.paginator",
  "version": "2.0.2",
  "description": "A pageable Backbone.Collection superset. Supports server-side/client-side/infinite pagination and sorting.",
  "keywords": [
    "backbone"
  ],
  "main": "lib/backbone.paginator.js",
  "scripts": [
    "lib/backbone.paginator.js"
  ],
  "dependencies": {
    "jashkenas/underscore": "^1.5.0",
    "jashkenas/backbone": "^1.1.2"
  },
  "demo": "https://github.com/backbone-paginator/backbone-pageable#playable-demos",
  "license": "MIT"
}
