{
  "name": "angular-animate",
  "version": "1.3.14",
  "main": "./angular-animate.js",
  "ignore": [],
  "dependencies": {
    "angular": "1.3.14"
  },
  "homepage": "https://github.com/angular/bower-angular-animate",
  "_release": "1.3.14",
  "_resolution": {
    "type": "version",
    "tag": "v1.3.14",
    "commit": "d72d70a0736dfa782b5dcc97727e8ad6e33b14ce"
  },
  "_source": "git://github.com/angular/bower-angular-animate.git",
  "_target": "~1.3.14",
  "_originalSource": "angular-animate",
  "_direct": true
}