{
  "name": "seiyria-bootstrap-slider",
  "version": "4.4.2",
  "dependencies": {
    "jquery": "*",
    "bootstrap": "*",
    "modernizr": "*",
    "jquery-bridget": "*"
  },
  "homepage": "https://github.com/seiyria/bootstrap-slider",
  "authors": [
    "Kyle Kemp <kyle@seiyria.com>",
    "Rohit Kalkur <rohit.kalkur@gmail.com>"
  ],
  "description": "a slider element for bootstrap 2/3",
  "main": [
    "js/bootstrap-slider.js",
    "dist/css/bootstrap-slider.css"
  ],
  "keywords": [
    "slider",
    "bootstrap2",
    "bootstrap3",
    "bootstrap"
  ],
  "license": "MIT",
  "ignore": [
    "**/.*",
    "node_modules",
    "bower_components"
  ],
  "_release": "4.4.2",
  "_resolution": {
    "type": "version",
    "tag": "v4.4.2",
    "commit": "a50882bb6b78fbb2ceb50ebeedf53e0ada9b8615"
  },
  "_source": "git://github.com/seiyria/bootstrap-slider.git",
  "_target": "~4.4.2",
  "_originalSource": "seiyria-bootstrap-slider"
}