{
  "name": "mjolnic-bootstrap-colorpicker",
  "version": "2.0.1",
  "dependencies": {
    "jquery": "^1.10",
    "bootstrap": "^2"
  },
  "ignore": [
    "\\.*",
    "/src",
    "index.html",
    "/package.json",
    "/Gruntfile.js"
  ],
  "homepage": "https://github.com/mjolnic/bootstrap-colorpicker",
  "_release": "2.0.1",
  "_resolution": {
    "type": "version",
    "tag": "2.0.1",
    "commit": "3d94294a225450d02eaffa62a23ad70e365204f9"
  },
  "_source": "git://github.com/mjolnic/bootstrap-colorpicker.git",
  "_target": "~2.0.1",
  "_originalSource": "mjolnic-bootstrap-colorpicker"
}